{
    "HeadPitch" : -0.0038561,
    "LShoulderPitch" : 0.0254072,
    "LShoulderRoll" : 0.00422946,
    "LElbowYaw" : -0.0208572,
    "LElbowRoll" : -0.00674615,
    "LWristYaw" : 0.00184663,
    "LHipYawPitch" : -0.00179308,
    "LHipRoll" : 0.002,
    "LHipPitch" : -0.00152535,
    "LKneePitch" : 0.0124221,
    "LAnklePitch" : -0.00896834,
    "LAnkleRoll" : -0.00115052,
    "RHipYawPitch" : -0.00179308,
    "RHipRoll" : 0.000214917,
    "RHipPitch" : -0.00147326,
    "RKneePitch" : 0.0124221,
    "RAnklePitch" : -0.00896834,
    "RAnkleRoll" : 0.000723614,
    "RShoulderPitch" : 0.0253016,
    "RShoulderRoll" : -0.00409706,
    "RElbowYaw" : 0.0210699,
    "RElbowRoll" : 0.00688148,
    "RWristYaw" : 0.00144503,
    "LHand" : 0.00513127,
    "RHand" : 0.00507542
}
