{
    "HeadYaw" : 0,
    "HeadPitch" : -10.6373,
    "LShoulderPitch" : 118.036,
    "LShoulderRoll" : 17.3123,
    "LElbowYaw" : 18.1033,
    "LElbowRoll" : -62.4886,
    "LWristYaw" : 6.06212,
    "LHipYawPitch" : 0.353968,
    "LHipRoll" : -0.0854866,
    "LHipPitch" : -8.08364,
    "LKneePitch" : 39.461,
    "LAnklePitch" : -31.2919,
    "LAnkleRoll" : 0.00240423,
    "RHipYawPitch" : 0.353968,
    "RHipRoll" : -0.349159,
    "RHipPitch" : -9.23104,
    "RKneePitch" : 40.081,
    "RAnklePitch" : -28.3866,
    "RAnkleRoll" : 0.00240423,
    "RShoulderPitch" : 117.865,
    "RShoulderRoll" : -17.6686,
    "RElbowYaw" : -18.7233,
    "RElbowRoll" : 65.7454,
    "RWristYaw" : -0.61764
}